{"cameraMode":{"drawMode":0,"name":"Shaded","section":"Shading Mode"},"sceneLighting":false,"audioPlay":false,"sceneViewState":{"showFog":true,"showMaterialUpdate":false,"showSkybox":false,"showFlares":true,"showImageEffects":true,"showParticleSystems":true},"in2DMode":false,"pivot":{"x":-4.171165943145752,"y":2.3190693855285646,"z":-21.59463119506836},"rotation":{"x":-0.007078898139297962,"y":-0.42221811413764956,"z":0.003298242809250951,"w":-0.9064686298370361},"size":23.066280364990236,"orthographic":false}